name,quantity,color,price,total
Abrade,4,4,1.49,5.96
Acidic Slime,1,5,0.09,0.09
Aether Vial,1,7,33.03,33.03
"Anafenza, Kin-Tree Spirit",1,1,0.83,0.83
Ancient Grudge,3,4,0.25,0.75
Ancient Stirrings,4,5,2.04,8.16
Aven Mindcensor,2,1,0.61,1.22
Beast Within,1,5,0.76,0.76
Birds of Paradise,1,5,7.23,7.23
Blessed Alliance,4,1,0.49,1.96
Blood Moon,4,4,16.77,67.08
Blossoming Defense,4,5,0.25,1.0
Brainstorm,1,2,0.61,0.61
"Brimaz, King of Oreskos",1,1,8.77,8.77
Burrenton Forge-Tender,1,1,0.18,0.18
Cast Out,1,1,0.1,0.1
Cataclysmic Gearhulk,1,1,0.61,0.61
Ceremonious Rejection,1,2,0.25,0.25
Chameleon Colossus,1,5,2.49,2.49
Champion of the Parish,4,1,4.2,16.8
"Chandra, Torch of Defiance",2,4,9.66,19.32
Coiling Oracle,4,6,0.12,0.48
Collective Brutality,4,3,15.42,61.68
Counterspell,4,2,1.14,4.56
Courser of Kruphix,4,5,3.81,15.24
Cryptic Command,1,2,20.44,20.44
Death's Shadow,1,3,9.11,9.11
Detention Sphere,2,6,1.98,3.96
Dismember,3,3,2.99,8.97
Dispel,4,2,0.2,0.8
Drowner of Hope,4,7,0.15,0.6
Dusk // Dawn,2,1,0.05,0.1
Duskwatch Recruiter,1,5,0.94,0.94
Eldrazi Displacer,4,7,2.29,9.16
Eldrazi Skyspawner,4,7,0.09,0.36
Eldritch Evolution,4,5,2.8,11.2
"Elspeth, Sun's Champion",1,1,6.99,6.99
Endbringer,1,7,0.49,0.49
Eternal Witness,1,5,6.9,6.9
Fatal Push,5,3,3.4,17.0
Felidar Guardian,4,1,0.25,1.0
Fiend Hunter,1,1,0.1,0.1
Fracturing Gust,1,6,9.99,9.99
Geist of Saint Traft,1,6,8.53,8.53
Gideon Jura,1,1,3.36,3.36
Gideon of the Trials,2,1,4.49,8.98
Gilded Lotus,1,7,2.51,2.51
Glorybringer,2,4,0.91,1.82
"Gonti, Lord of Luxury",1,3,0.36,0.36
Grafdigger's Cage,2,7,4.56,9.12
Inquisition of Kozilek,1,3,4.55,4.55
Izzet Staticaster,1,6,0.25,0.25
"Jace, Architect of Thought",2,2,1.84,3.68
"Kataki, War's Wage",2,1,3.99,7.98
"Keranos, God of Storms",1,6,7.38,7.38
"Kiki-Jiki, Mirror Breaker",1,4,6.92,6.92
Kitesail Freebooter,4,3,0.92,3.68
Knight of Autumn,1,6,4.44,4.44
Knight of the Reliquary,4,6,2.95,11.8
Kor Firewalker,1,1,0.19,0.19
"Kozilek, the Great Distortion",1,7,4.83,4.83
Lightning Bolt,7,4,2.43,17.01
"Linvala, Keeper of Silence",1,1,15.44,15.44
Loaming Shaman,1,5,0.41,0.41
Lotus Cobra,3,5,5.25,15.75
Maelstrom Pulse,1,6,20.09,20.09
Mana Leak,2,2,0.15,0.3
Mantis Rider,2,6,0.59,1.18
Matter Reshaper,4,7,1.56,6.24
Meddling Mage,4,6,24.27,97.08
Militia Bugler,1,1,0.25,0.25
Mirran Crusader,4,1,2.77,11.08
Mutagenic Growth,3,5,1.76,5.28
Natural State,2,5,0.12,0.24
Negate,2,2,0.1,0.2
"Nissa, Steward of Elements",1,6,2.95,2.95
"Nissa, Vital Force",1,5,3.99,3.99
Noxious Gearhulk,1,3,2.49,2.49
Oath of Nissa,4,5,0.79,3.16
Obstinate Baloth,2,5,1.22,2.44
Orzhov Pontiff,1,6,4.49,4.49
Panharmonicon,1,7,5.08,5.08
Pithing Needle,3,7,2.47,7.41
Qasali Pridemage,1,6,0.99,0.99
Reality Smasher,4,7,1.96,7.84
Reclamation Sage,2,5,0.3,0.6
Reflector Mage,4,6,0.79,3.16
Relic of Progenitus,2,7,3.74,7.48
Remand,1,2,6.4,6.4
Remorseful Cleric,2,1,1.71,3.42
Renegade Rallier,4,6,0.13,0.52
Rest in Peace,2,1,5.23,10.46
Retreat to Coralhelm,2,2,0.15,0.3
Rhonas the Indomitable,1,5,6.99,6.99
Saheeli Rai,3,6,3.99,11.97
Scavenging Ooze,4,5,3.44,13.76
Secure the Wastes,1,1,3.76,3.76
Serum Visions,1,2,2.94,2.94
"Shalai, Voice of Plenty",1,1,5.07,5.07
"Sigarda, Heron's Grace",1,6,0.62,0.62
"Sigarda, Host of Herons",1,6,16.47,16.47
Sin Collector,1,6,0.13,0.13
"Skysovereign, Consul Flagship",1,7,0.43,0.43
Smuggler's Copter,1,7,1.99,1.99
Snapcaster Mage,1,2,71.24,71.24
Spell Pierce,5,2,0.13,0.65
Spell Snare,1,2,0.69,0.69
Spellskite,2,7,7.74,15.48
Sphinx's Revelation,1,6,3.31,3.31
Spike Feeder,1,5,0,0.0
Spreading Seas,4,2,1.75,7.0
Steel of the Godhead,1,6,2.4,2.4
Stubborn Denial,3,2,0.69,2.07
Sun Titan,1,1,0.42,0.42
Supreme Verdict,2,6,3.89,7.78
Talisman of Progress,2,7,0,0.0
"Tamiyo, Field Researcher",2,6,6.58,13.16
Tarmogoyf,1,5,65.74,65.74
Temur Battle-Rage,3,4,0.24,0.72
"Thalia, Guardian of Thraben",4,1,9.15,36.6
"Thalia, Heretic Cathar",4,1,1.72,6.88
Thalia's Lieutenant,4,1,2.24,8.96
Thought-knot Seer,4,7,5.54,22.16
Thoughtseize,2,3,14.22,28.44
Thragtusk,3,5,1.97,5.91
Thrashing Brontodon,2,5,1.64,3.28
"Thrun, the Last Troll",1,5,14.16,14.16
Tireless Tracker,2,5,8.45,16.9
Unified Will,1,2,1.49,1.49
Vandalblast,1,4,3.65,3.65
Vapor Snag,2,2,0.63,1.26
Viscera Seer,1,3,1.75,1.75
Voice of Resurgence,4,6,9.95,39.8
Void Grafter,4,7,0.06,0.24
Walking Ballista,2,7,15.12,30.24
Whirler Virtuoso,1,6,0.07,0.07
World Breaker,2,7,2.98,5.96
Zealous Persecution,1,6,0.15,0.15
,,,,1204.0700000000008
